"","paso_lag1","prediction"
"1",1,2.13499125936663
"2",2,2.49109022009289
"3",3,3.2216840568752
"4",4,4.02407358316299
