"","grp","var1","var2","vcov","sdcor"
"1","comuna_fct:region_fct","(Intercept)",NA,0.0017325390318399,0.0416237796438514
"2","region_fct","(Intercept)",NA,0.00214468695054201,0.0463107649531079
"3","Residual",NA,NA,0.0102765087565637,0.101373116537688
