"effect","term","estimate","std.error","statistic"
"fixed","(Intercept)",0.704378886785933,0.0658899585599851,10.6902311396156
"fixed","puerto",0.0563543757653538,0.0228847368126621,2.46253108465609
"fixed","hacinamiento",3.77065871730989,1.78455054019313,2.11294588322605
"fixed","idse",0.171777818827177,0.06694701446087,2.56587721215828
"fixed","pvcl1",-0.0403205811616102,0.0173802861507397,-2.31990318294582
"fixed","semana",-0.00697012476911158,0.00285057271372891,-2.44516645218068
"fixed","semana2",0.000349237316369281,0.000140839799159592,2.47967775055931
